[{"origin":"calfornia","destination":"Boston","date":"2023-05-02","seats":"7","driver_id":"5"},{"origin":"Texas","destination":"langley","date":"2023-05-04","seats":"43","driver_id":"001"},{"origin":"langley","destination":"wisconsin","date":"2023-05-04","seats":"4","driver_id":"09"},{"origin":"Texas","destination":"Boston","date":"2023-06-09","seats":"45","driver_id":"09"},{"origin":"Texas","destination":"Boston","date":"2023-06-09","seats":"45","driver_id":"09"},{"origin":"Texas","destination":"boston","date":"2023-06-09","seats":"45","driver_id":"09"},{"origin":"Texas","destination":"boston","date":"2023-06-09","seats":"45","driver_id":"09"},{"origin":"nebraska","destination":"boston","date":"2023-05-18","seats":"3","driver_id":"3"},{"origin":"calfornia","destination":"boston","date":"2023-06-10","seats":"4","driver_id":"4"}]


