{"josephmakaumunyao40@gmail.com":{"name":"tete","password":"qwerty","phone":"0717426433"},"":{"name":"","password":"","phone":""},"lucynjoka53@gmail.com":{"name":"makau","password":"qwerty","phone":"1234"},"nellyjaqlyne@gmail.com":{"name":"tete","password":"1234","phone":"12345678"},"0":{"name":"jose","email":"josephmakaumunyao40@gmail.com","password":"wsedfghujik","phone":"321","otp":null},"sdfghjkl;'":{"name":"kay","password":"","phone":""},"cop@gmail.com":{"name":"kaytete","password":"1234","phone":"0987654321"}}